{
    "frc1114": 37.89817923031272,
    "frc1241": 28.70019192528657,
    "frc1285": 27.907446398383325,
    "frc1325": 42.11147190081985,
    "frc1360": 22.111523170649765,
    "frc2935": 22.536303369444546,
    "frc3161": 34.28748036196629,
    "frc3543": 16.70319539755495,
    "frc3739": 25.715155604989338,
    "frc4039": 42.42063214514645,
    "frc4069": 24.575749038621087,
    "frc4152": 29.754367077894045,
    "frc4903": 30.689693817677778,
    "frc4920": 27.973706490532823,
    "frc4976": 44.67828817900342,
    "frc5031": 20.23567949143238,
    "frc5672": 38.97008873554478,
    "frc5885": 31.875642714473116,
    "frc6859": 12.646461517853705,
    "frc6864": 26.067588885360426,
    "frc7200": 14.610189780590456,
    "frc7659": 20.866562150921148,
    "frc7690": 21.11618618234698,
    "frc7757": 31.087427901293637,
    "frc781": 19.590455623437933,
    "frc865": 30.40489214910764,
    "frc8731": 21.400933889912846,
    "frc9098": 32.96774871747936
}