{
    "frc1114": 37.89817923031274,
    "frc1241": 28.70019192528649,
    "frc1285": 27.907446398383307,
    "frc1325": 42.111471900819794,
    "frc1360": 22.111523170649757,
    "frc2935": 22.536303369444546,
    "frc3161": 34.28748036196622,
    "frc3543": 16.70319539755492,
    "frc3739": 25.715155604989302,
    "frc4039": 42.420632145146456,
    "frc4069": 24.575749038621073,
    "frc4152": 29.75436707789403,
    "frc4903": 30.689693817677718,
    "frc4920": 27.973706490532845,
    "frc4976": 44.67828817900333,
    "frc5031": 20.235679491432393,
    "frc5672": 38.97008873554479,
    "frc5885": 31.875642714473116,
    "frc6859": 12.646461517853686,
    "frc6864": 26.067588885360415,
    "frc7200": 14.610189780590403,
    "frc7659": 20.866562150921077,
    "frc7690": 21.116186182346937,
    "frc7757": 31.087427901293612,
    "frc781": 19.590455623437933,
    "frc865": 30.404892149107667,
    "frc8731": 21.4009338899128,
    "frc9098": 32.967748717479346
}